-- phpMyAdmin SQL Dump
-- version 5.0.2
-- https://www.phpmyadmin.net/
--
-- Host: 127.0.0.1
-- Generation Time: Dec 08, 2020 at 08:52 AM
-- Server version: 10.4.13-MariaDB
-- PHP Version: 7.4.7

SET SQL_MODE = "NO_AUTO_VALUE_ON_ZERO";
START TRANSACTION;
SET time_zone = "+00:00";


/*!40101 SET @OLD_CHARACTER_SET_CLIENT=@@CHARACTER_SET_CLIENT */;
/*!40101 SET @OLD_CHARACTER_SET_RESULTS=@@CHARACTER_SET_RESULTS */;
/*!40101 SET @OLD_COLLATION_CONNECTION=@@COLLATION_CONNECTION */;
/*!40101 SET NAMES utf8mb4 */;

--
-- Database: `bigshoes`
--

-- --------------------------------------------------------

--
-- Table structure for table `binh_luan`
--

CREATE TABLE `binh_luan` (
  `ma_bl` int(11) NOT NULL,
  `ma_kh` varchar(50) NOT NULL,
  `ma_hh` int(11) NOT NULL,
  `noi_dung` varchar(50) NOT NULL,
  `ngay_bl` varchar(20) NOT NULL
) ENGINE=InnoDB DEFAULT CHARSET=utf8mb4;

--
-- Dumping data for table `binh_luan`
--

INSERT INTO `binh_luan` (`ma_bl`, `ma_kh`, `ma_hh`, `noi_dung`, `ngay_bl`) VALUES
(18, 'bi', 35, 'Giày đẹp lắm shop <3', '04-12-2020'),
(19, 'admin', 39, 'Giày chất lắm shop <3 ', '05-12-2020'),
(20, 'bi', 27, 'sdfsdfdsfdsfdsf', '05-12-2020');

-- --------------------------------------------------------

--
-- Table structure for table `hang_hoa`
--

CREATE TABLE `hang_hoa` (
  `ma_hh` int(11) NOT NULL,
  `ten_hh` varchar(50) NOT NULL,
  `hinh` varchar(50) NOT NULL,
  `don_gia` int(11) NOT NULL,
  `giam_gia` int(11) NOT NULL,
  `mo_ta` varchar(500) NOT NULL,
  `ma_loai` int(11) NOT NULL
) ENGINE=InnoDB DEFAULT CHARSET=utf8mb4;

--
-- Dumping data for table `hang_hoa`
--

INSERT INTO `hang_hoa` (`ma_hh`, `ten_hh`, `hinh`, `don_gia`, `giam_gia`, `mo_ta`, `ma_loai`) VALUES
(27, 'Adidas Continental 80', 'adidascontinental80.png', 1200000, 5, 'Các sản phẩm của BIGSHOES thích hợp sử dụng trong mọi thời tiết và địa hình, đặc biệt là trong những ngày mưa. Phần đế được ép nhiệt nên cực bền sau thời gian sử dụng, kết hợp với da công nghiệp tạo ra kiểu dáng trẻ trung sang trọng đem lại sự hài lòng tuyệt đối cho quý khách hàng.', 24),
(28, 'Adidas Cyber Punk', 'adidascyberpunk.png', 1300000, 5, 'Các sản phẩm của BIGSHOES thích hợp sử dụng trong mọi thời tiết và địa hình, đặc biệt là trong những ngày mưa. Phần đế được ép nhiệt nên cực bền sau thời gian sử dụng, kết hợp với da công nghiệp tạo ra kiểu dáng trẻ trung sang trọng đem lại sự hài lòng tuyệt đối cho quý khách hàng.', 24),
(29, 'Adidas NMD R1', 'adidasnmd_r1.png', 1250000, 10, 'Các sản phẩm của BIGSHOES thích hợp sử dụng trong mọi thời tiết và địa hình, đặc biệt là trong những ngày mưa. Phần đế được ép nhiệt nên cực bền sau thời gian sử dụng, kết hợp với da công nghiệp tạo ra kiểu dáng trẻ trung sang trọng đem lại sự hài lòng tuyệt đối cho quý khách hàng.', 24),
(30, 'Adidas Reponse', 'adidasresponse.png', 1500000, 5, 'Các sản phẩm của BIGSHOES thích hợp sử dụng trong mọi thời tiết và địa hình, đặc biệt là trong những ngày mưa. Phần đế được ép nhiệt nên cực bền sau thời gian sử dụng, kết hợp với da công nghiệp tạo ra kiểu dáng trẻ trung sang trọng đem lại sự hài lòng tuyệt đối cho quý khách hàng.', 24),
(31, 'Adidas Super Star', 'adidassupperstar.png', 990000, 0, 'Các sản phẩm của BIGSHOES thích hợp sử dụng trong mọi thời tiết và địa hình, đặc biệt là trong những ngày mưa. Phần đế được ép nhiệt nên cực bền sau thời gian sử dụng, kết hợp với da công nghiệp tạo ra kiểu dáng trẻ trung sang trọng đem lại sự hài lòng tuyệt đối cho quý khách hàng.', 24),
(32, 'Adidas UltraBoost', 'adidasultraboost.png', 1800000, 10, 'Các sản phẩm của BIGSHOES thích hợp sử dụng trong mọi thời tiết và địa hình, đặc biệt là trong những ngày mưa. Phần đế được ép nhiệt nên cực bền sau thời gian sử dụng, kết hợp với da công nghiệp tạo ra kiểu dáng trẻ trung sang trọng đem lại sự hài lòng tuyệt đối cho quý khách hàng.', 24),
(33, 'Adidas UltraBoost 20', 'adidasultraboost20.png', 2000000, 15, 'Các sản phẩm của BIGSHOES thích hợp sử dụng trong mọi thời tiết và địa hình, đặc biệt là trong những ngày mưa. Phần đế được ép nhiệt nên cực bền sau thời gian sử dụng, kết hợp với da công nghiệp tạo ra kiểu dáng trẻ trung sang trọng đem lại sự hài lòng tuyệt đối cho quý khách hàng.', 24),
(34, 'Adidas UltraBoost DNA City', 'adidasultraboostdnacity.png', 2100000, 10, 'Các sản phẩm của BIGSHOES thích hợp sử dụng trong mọi thời tiết và địa hình, đặc biệt là trong những ngày mưa. Phần đế được ép nhiệt nên cực bền sau thời gian sử dụng, kết hợp với da công nghiệp tạo ra kiểu dáng trẻ trung sang trọng đem lại sự hài lòng tuyệt đối cho quý khách hàng.', 24),
(35, 'Adidas ZK 2K Boost', 'adidaszk2kboost.png', 2300000, 10, 'Các sản phẩm của BIGSHOES thích hợp sử dụng trong mọi thời tiết và địa hình, đặc biệt là trong những ngày mưa. Phần đế được ép nhiệt nên cực bền sau thời gian sử dụng, kết hợp với da công nghiệp tạo ra kiểu dáng trẻ trung sang trọng đem lại sự hài lòng tuyệt đối cho quý khách hàng.', 24),
(36, 'Pegasus Chaz', 'pegasuschaz.png', 880000, 10, 'Các sản phẩm của BIGSHOES thích hợp sử dụng trong mọi thời tiết và địa hình, đặc biệt là trong những ngày mưa. Phần đế được ép nhiệt nên cực bền sau thời gian sử dụng, kết hợp với da công nghiệp tạo ra kiểu dáng trẻ trung sang trọng đem lại sự hài lòng tuyệt đối cho quý khách hàng.', 23),
(37, 'Pegasus Trail 2', 'pegasustrail2.png', 1230000, 10, 'Các sản phẩm của BIGSHOES thích hợp sử dụng trong mọi thời tiết và địa hình, đặc biệt là trong những ngày mưa. Phần đế được ép nhiệt nên cực bền sau thời gian sử dụng, kết hợp với da công nghiệp tạo ra kiểu dáng trẻ trung sang trọng đem lại sự hài lòng tuyệt đối cho quý khách hàng.', 23),
(38, 'Pegasus Zoom 35', 'pegasuszoom35.png', 1450000, 10, 'Các sản phẩm của BIGSHOES thích hợp sử dụng trong mọi thời tiết và địa hình, đặc biệt là trong những ngày mưa. Phần đế được ép nhiệt nên cực bền sau thời gian sử dụng, kết hợp với da công nghiệp tạo ra kiểu dáng trẻ trung sang trọng đem lại sự hài lòng tuyệt đối cho quý khách hàng.', 23),
(39, 'Pegasus Zoom 37', 'pegasuszoom37.png', 2120000, 30, 'Các sản phẩm của BIGSHOES thích hợp sử dụng trong mọi thời tiết và địa hình, đặc biệt là trong những ngày mưa. Phần đế được ép nhiệt nên cực bền sau thời gian sử dụng, kết hợp với da công nghiệp tạo ra kiểu dáng trẻ trung sang trọng đem lại sự hài lòng tuyệt đối cho quý khách hàng.', 23),
(40, 'Converse Chuck Taylor', 'conversechucktaylor.png', 1990000, 20, 'Các sản phẩm của BIGSHOES thích hợp sử dụng trong mọi thời tiết và địa hình, đặc biệt là trong những ngày mưa. Phần đế được ép nhiệt nên cực bền sau thời gian sử dụng, kết hợp với da công nghiệp tạo ra kiểu dáng trẻ trung sang trọng đem lại sự hài lòng tuyệt đối cho quý khách hàng.', 20),
(41, 'Blazer Mid', 'blazermid.png', 1470000, 10, 'Các sản phẩm của BIGSHOES thích hợp sử dụng trong mọi thời tiết và địa hình, đặc biệt là trong những ngày mưa. Phần đế được ép nhiệt nên cực bền sau thời gian sử dụng, kết hợp với da công nghiệp tạo ra kiểu dáng trẻ trung sang trọng đem lại sự hài lòng tuyệt đối cho quý khách hàng.', 21),
(42, 'Blazer 77 Infinitive ', 'blazermid77infinitive.png', 1360000, 20, 'Các sản phẩm của BIGSHOES thích hợp sử dụng trong mọi thời tiết và địa hình, đặc biệt là trong những ngày mưa. Phần đế được ép nhiệt nên cực bền sau thời gian sử dụng, kết hợp với da công nghiệp tạo ra kiểu dáng trẻ trung sang trọng đem lại sự hài lòng tuyệt đối cho quý khách hàng.', 21),
(43, 'Blazer 77 Suede', 'blazermid77suede.png', 1250000, 50, 'Các sản phẩm của BIGSHOES thích hợp sử dụng trong mọi thời tiết và địa hình, đặc biệt là trong những ngày mưa. Phần đế được ép nhiệt nên cực bền sau thời gian sử dụng, kết hợp với da công nghiệp tạo ra kiểu dáng trẻ trung sang trọng đem lại sự hài lòng tuyệt đối cho quý khách hàng.', 21),
(44, 'Blazer 77 Vintage', 'blazermid77vintage.png', 2010000, 40, 'Các sản phẩm của BIGSHOES thích hợp sử dụng trong mọi thời tiết và địa hình, đặc biệt là trong những ngày mưa. Phần đế được ép nhiệt nên cực bền sau thời gian sử dụng, kết hợp với da công nghiệp tạo ra kiểu dáng trẻ trung sang trọng đem lại sự hài lòng tuyệt đối cho quý khách hàng.', 21),
(45, 'Jordan 1 Lowse', 'jordan1lowse.png', 1760000, 10, 'Các sản phẩm của BIGSHOES thích hợp sử dụng trong mọi thời tiết và địa hình, đặc biệt là trong những ngày mưa. Phần đế được ép nhiệt nên cực bền sau thời gian sử dụng, kết hợp với da công nghiệp tạo ra kiểu dáng trẻ trung sang trọng đem lại sự hài lòng tuyệt đối cho quý khách hàng.', 22),
(46, 'Jordan 6 Retro', 'jordan6retro.png', 1510000, 10, 'Các sản phẩm của BIGSHOES thích hợp sử dụng trong mọi thời tiết và địa hình, đặc biệt là trong những ngày mưa. Phần đế được ép nhiệt nên cực bền sau thời gian sử dụng, kết hợp với da công nghiệp tạo ra kiểu dáng trẻ trung sang trọng đem lại sự hài lòng tuyệt đối cho quý khách hàng.', 22),
(47, 'Jordan ADG 2', 'jordanadg2.png', 1320000, 20, 'Các sản phẩm của BIGSHOES thích hợp sử dụng trong mọi thời tiết và địa hình, đặc biệt là trong những ngày mưa. Phần đế được ép nhiệt nên cực bền sau thời gian sử dụng, kết hợp với da công nghiệp tạo ra kiểu dáng trẻ trung sang trọng đem lại sự hài lòng tuyệt đối cho quý khách hàng.', 22),
(48, 'Jordan Delta', 'jordandelta.png', 2080000, 10, 'Các sản phẩm của BIGSHOES thích hợp sử dụng trong mọi thời tiết và địa hình, đặc biệt là trong những ngày mưa. Phần đế được ép nhiệt nên cực bền sau thời gian sử dụng, kết hợp với da công nghiệp tạo ra kiểu dáng trẻ trung sang trọng đem lại sự hài lòng tuyệt đối cho quý khách hàng.', 22),
(49, 'Nike Air Force', 'nikeairforce.png', 1100000, 10, 'Các sản phẩm của BIGSHOES thích hợp sử dụng trong mọi thời tiết và địa hình, đặc biệt là trong những ngày mưa. Phần đế được ép nhiệt nên cực bền sau thời gian sử dụng, kết hợp với da công nghiệp tạo ra kiểu dáng trẻ trung sang trọng đem lại sự hài lòng tuyệt đối cho quý khách hàng.', 25),
(50, 'Nike Air Max 1', 'nikeairmax1.png', 1210000, 10, 'Các sản phẩm của BIGSHOES thích hợp sử dụng trong mọi thời tiết và địa hình, đặc biệt là trong những ngày mưa. Phần đế được ép nhiệt nên cực bền sau thời gian sử dụng, kết hợp với da công nghiệp tạo ra kiểu dáng trẻ trung sang trọng đem lại sự hài lòng tuyệt đối cho quý khách hàng.', 25),
(51, 'Nike Air Vapomax', 'nikeairvapormax.png', 1750000, 20, 'Các sản phẩm của BIGSHOES thích hợp sử dụng trong mọi thời tiết và địa hình, đặc biệt là trong những ngày mưa. Phần đế được ép nhiệt nên cực bền sau thời gian sử dụng, kết hợp với da công nghiệp tạo ra kiểu dáng trẻ trung sang trọng đem lại sự hài lòng tuyệt đối cho quý khách hàng.', 25),
(52, 'Nike Air Zoom', 'nikeairzoom.png', 2500000, 50, 'Các sản phẩm của BIGSHOES thích hợp sử dụng trong mọi thời tiết và địa hình, đặc biệt là trong những ngày mưa. Phần đế được ép nhiệt nên cực bền sau thời gian sử dụng, kết hợp với da công nghiệp tạo ra kiểu dáng trẻ trung sang trọng đem lại sự hài lòng tuyệt đối cho quý khách hàng.', 25),
(53, 'Nike Justin', 'nikejustin.png', 1500000, 10, 'Các sản phẩm của BIGSHOES thích hợp sử dụng trong mọi thời tiết và địa hình, đặc biệt là trong những ngày mưa. Phần đế được ép nhiệt nên cực bền sau thời gian sử dụng, kết hợp với da công nghiệp tạo ra kiểu dáng trẻ trung sang trọng đem lại sự hài lòng tuyệt đối cho quý khách hàng.', 25);

-- --------------------------------------------------------

--
-- Table structure for table `hoa_don`
--

CREATE TABLE `hoa_don` (
  `ma_hd` int(11) NOT NULL,
  `ngay_mua` varchar(20) NOT NULL,
  `ghi_chu` varchar(50) NOT NULL,
  `tinh_trang` varchar(20) NOT NULL DEFAULT '0',
  `ma_kh` varchar(50) NOT NULL
) ENGINE=InnoDB DEFAULT CHARSET=utf8mb4;

--
-- Dumping data for table `hoa_don`
--

INSERT INTO `hoa_don` (`ma_hd`, `ngay_mua`, `ghi_chu`, `tinh_trang`, `ma_kh`) VALUES
(93, '04-12-2020', '', '1', 'admin'),
(94, '05-12-2020', '', '1', 'admin'),
(95, '05-12-2020', '', '1', 'admin'),
(96, '05-12-2020', '', '1', 'admin'),
(97, '05-12-2020', '', '1', 'admin'),
(98, '05-12-2020', '', '1', 'admin'),
(99, '05-12-2020', '', '1', 'bi'),
(100, '05-12-2020', 'sdf', '1', 'bi'),
(101, '08-12-2020', '', '1', 'bi');

-- --------------------------------------------------------

--
-- Table structure for table `hoa_don_chi_tiet`
--

CREATE TABLE `hoa_don_chi_tiet` (
  `ma_hd` int(11) NOT NULL,
  `so_luong` int(11) NOT NULL,
  `don_gia` int(11) NOT NULL,
  `ma_hh` int(11) NOT NULL
) ENGINE=InnoDB DEFAULT CHARSET=utf8mb4;

--
-- Dumping data for table `hoa_don_chi_tiet`
--

INSERT INTO `hoa_don_chi_tiet` (`ma_hd`, `so_luong`, `don_gia`, `ma_hh`) VALUES
(93, 1, 2300000, 35),
(94, 6, 1500000, 30),
(94, 5, 2120000, 39),
(94, 3, 2300000, 35),
(95, 6, 1500000, 30),
(95, 5, 2120000, 39),
(95, 3, 2300000, 35),
(96, 6, 1500000, 30),
(96, 5, 2120000, 39),
(96, 3, 2300000, 35),
(97, 2, 2120000, 39),
(97, 2, 2300000, 35),
(98, 4, 2120000, 39),
(98, 3, 2300000, 35),
(99, 11, 2500000, 52),
(99, 3, 2100000, 34),
(100, 4, 1200000, 27),
(101, 4, 2500000, 52),
(101, 1, 2300000, 35);

-- --------------------------------------------------------

--
-- Table structure for table `khach_hang`
--

CREATE TABLE `khach_hang` (
  `ma_kh` varchar(50) NOT NULL,
  `ho_ten` varchar(50) NOT NULL,
  `mat_khau` varchar(50) NOT NULL,
  `email` varchar(50) NOT NULL,
  `dia_chi` varchar(50) NOT NULL,
  `vai_tro` int(11) NOT NULL DEFAULT 0
) ENGINE=InnoDB DEFAULT CHARSET=utf8mb4;

--
-- Dumping data for table `khach_hang`
--

INSERT INTO `khach_hang` (`ma_kh`, `ho_ten`, `mat_khau`, `email`, `dia_chi`, `vai_tro`) VALUES
('admin', 'Phong', '123123', 'phanvanphongk49c@gmail.com', 'Đà Nẵng', 1),
('bi', 'Biiiiiii', '123123', 'bi@gmail.com', 'Đà Nẵng', 0),
('thao', 'a', '123456', 'thao@gmail.com', 'Huế a', 0);

-- --------------------------------------------------------

--
-- Table structure for table `loai_hang`
--

CREATE TABLE `loai_hang` (
  `ma_loai` int(11) NOT NULL,
  `ten_loai` varchar(50) NOT NULL
) ENGINE=InnoDB DEFAULT CHARSET=utf8mb4;

--
-- Dumping data for table `loai_hang`
--

INSERT INTO `loai_hang` (`ma_loai`, `ten_loai`) VALUES
(20, 'Converse'),
(21, 'Blazer'),
(22, 'Jordan'),
(23, 'Pegasus'),
(24, 'Adidas'),
(25, 'Nike');

--
-- Indexes for dumped tables
--

--
-- Indexes for table `binh_luan`
--
ALTER TABLE `binh_luan`
  ADD PRIMARY KEY (`ma_bl`),
  ADD KEY `ma_hh` (`ma_hh`),
  ADD KEY `ma_kh` (`ma_kh`);

--
-- Indexes for table `hang_hoa`
--
ALTER TABLE `hang_hoa`
  ADD PRIMARY KEY (`ma_hh`),
  ADD KEY `ma_loai` (`ma_loai`);

--
-- Indexes for table `hoa_don`
--
ALTER TABLE `hoa_don`
  ADD PRIMARY KEY (`ma_hd`),
  ADD KEY `ma_kh` (`ma_kh`);

--
-- Indexes for table `hoa_don_chi_tiet`
--
ALTER TABLE `hoa_don_chi_tiet`
  ADD KEY `ma_hh` (`ma_hh`),
  ADD KEY `ma_hd` (`ma_hd`);

--
-- Indexes for table `khach_hang`
--
ALTER TABLE `khach_hang`
  ADD PRIMARY KEY (`ma_kh`);

--
-- Indexes for table `loai_hang`
--
ALTER TABLE `loai_hang`
  ADD PRIMARY KEY (`ma_loai`);

--
-- AUTO_INCREMENT for dumped tables
--

--
-- AUTO_INCREMENT for table `binh_luan`
--
ALTER TABLE `binh_luan`
  MODIFY `ma_bl` int(11) NOT NULL AUTO_INCREMENT, AUTO_INCREMENT=21;

--
-- AUTO_INCREMENT for table `hang_hoa`
--
ALTER TABLE `hang_hoa`
  MODIFY `ma_hh` int(11) NOT NULL AUTO_INCREMENT, AUTO_INCREMENT=54;

--
-- AUTO_INCREMENT for table `hoa_don`
--
ALTER TABLE `hoa_don`
  MODIFY `ma_hd` int(11) NOT NULL AUTO_INCREMENT, AUTO_INCREMENT=102;

--
-- AUTO_INCREMENT for table `loai_hang`
--
ALTER TABLE `loai_hang`
  MODIFY `ma_loai` int(11) NOT NULL AUTO_INCREMENT, AUTO_INCREMENT=26;

--
-- Constraints for dumped tables
--

--
-- Constraints for table `binh_luan`
--
ALTER TABLE `binh_luan`
  ADD CONSTRAINT `binh_luan_ibfk_1` FOREIGN KEY (`ma_hh`) REFERENCES `hang_hoa` (`ma_hh`),
  ADD CONSTRAINT `binh_luan_ibfk_2` FOREIGN KEY (`ma_kh`) REFERENCES `khach_hang` (`ma_kh`);

--
-- Constraints for table `hang_hoa`
--
ALTER TABLE `hang_hoa`
  ADD CONSTRAINT `hang_hoa_ibfk_1` FOREIGN KEY (`ma_loai`) REFERENCES `loai_hang` (`ma_loai`);

--
-- Constraints for table `hoa_don`
--
ALTER TABLE `hoa_don`
  ADD CONSTRAINT `hoa_don_ibfk_1` FOREIGN KEY (`ma_kh`) REFERENCES `khach_hang` (`ma_kh`);

--
-- Constraints for table `hoa_don_chi_tiet`
--
ALTER TABLE `hoa_don_chi_tiet`
  ADD CONSTRAINT `hoa_don_chi_tiet_ibfk_2` FOREIGN KEY (`ma_hh`) REFERENCES `hang_hoa` (`ma_hh`),
  ADD CONSTRAINT `hoa_don_chi_tiet_ibfk_3` FOREIGN KEY (`ma_hd`) REFERENCES `hoa_don` (`ma_hd`);
COMMIT;

/*!40101 SET CHARACTER_SET_CLIENT=@OLD_CHARACTER_SET_CLIENT */;
/*!40101 SET CHARACTER_SET_RESULTS=@OLD_CHARACTER_SET_RESULTS */;
/*!40101 SET COLLATION_CONNECTION=@OLD_COLLATION_CONNECTION */;
